{
  "ENSG00000148737": {
    "bp": 1809.0,
    "exp_lof": 26.6820162112,
    "exp_mis": 241.265237982,
    "exp_syn": 144.572146929,
    "lof_z": 4.54149691871399,
    "mis_z": 3.06285628978657,
    "mu_lof": 2.11056303577e-06,
    "mu_mis": 2.26963069583e-05,
    "mu_syn": 1.33820470884e-05,
    "n_exons": 14.0,
    "n_lof": 3.0,
    "n_mis": 144.0,
    "n_syn": 148.0,
    "pLI": 0.98960502908944,
    "syn_z": -0.176740203662137,
    "transcript": "ENST00000543371",
    "tx_end": 114925731.0,
    "tx_start": 114710515.0
  },
  "ENSG00000151532": {
    "bp": 654.0,
    "exp_lof": 13.572671789,
    "exp_mis": 84.1884336039,
    "exp_syn": 37.5932161446,
    "lof_z": 2.84277031197829,
    "mis_z": 0.0100447769411539,
    "mu_lof": 1.01189147728e-06,
    "mu_mis": 7.65962683037e-06,
    "mu_syn": 3.27657476692e-06,
    "n_exons": 8.0,
    "n_lof": 3.0,
    "n_mis": 84.0,
    "n_syn": 19.0,
    "pLI": 0.413424037513717,
    "syn_z": 1.87996297825622,
    "transcript": "ENST00000393077",
    "tx_end": 114575142.0,
    "tx_start": 114207131.0
  },
  "ENSG00000225292": null,
  "ENSG00000227560": null,
  "ENSG00000233547": null,
  "ENSG00000260917": null
}
